
ExpenditureTypeID,ExpenditureType
1,Total Expenditure
2,Direction, Inspection, Administration
3,Govt Primary School
4,Asistance To Non-Govt Primary School
5,Asistance To Local Bodies For Primary School
6,Teachers Training
7,Scholarship
8,Text Books
9,Non Formal Education
10,Mid Day Meal
11,SSA
12,Other Expenditure
13,Govt Secondary Schools
14,Assistance To Non Govt Secondary School
15,Assistance To Local Bodies For Secondary School
16,Vocational Education
17,Rural Functional Literacy Programme
18,State Adult Education Programme
19,Other Adult Education Programme
20,Assistance To University
21,Govt College
22,Assistance To Non Govt - College
23,Technical Schools
24,Polytechnics
25,Assistance To University For Technical Education
26,Assistance To Non Govt Technical College And Institutions
27,Engineering College And Institutions
28,Technical Training
29,Research
30,Promotion Of Modern Indian Language And Literature
31,Sanskrit Education
32,Commercial Institutes
33,Genral Training
