
MinistryID,MinistryName
1,Ministry of Agriculture & Farmers Welfare
2,Ministry of AYUSH
3,Ministry of Chemicals & Fertilizers
4,Ministry of Civil Aviation
5,Ministry of Coal
6,Ministry of Commerce and Industry
7,Ministry of Communication
8,Ministry of Consumer Affairs, Food & Public Distr.
9,Ministry of Cooperate Affairs
10,Ministry of Culture
11,Ministry of Defence
12,Ministry of Development of N.E.Region
13,Ministry of Earth Sciences
14,Ministry of Enviorment,Forest & Climate Change
15,Ministry of External Affairs
16,Ministry of Health & Family Welfare
17,Ministry of Home Affairs
18,Ministry of Housing and Urban Development
19,Ministry of Information & Broadcasting
20,Ministry of Labour & Employment
21,Ministry of Law & Justice
22,Ministry of Micro, Small & Medium Enterprises
23,Ministry of Mines
24,Ministry of Minority Affairs
25,Ministry of New & Renewable Energy
26,Ministry of Personnel, P. Grivences & Pension
27,Ministry of Petroleum & Natural Gas
28,Ministry of Power
29,Ministry of Railways
30,Ministry of Road Transport & Highways
31,Ministry of Rural Development
32,Ministry of Science & Technology
33,Ministry of Shipping
34,Ministry of Skill Development & Training
35,Ministry of Social Justice & Empowerment
36,Ministry of Space
37,Ministry of Statistics & Prg. Imp.
38,Ministry of Textiles
39,Ministry of Tourism
40,Ministry of Tribal Affairs
41,Ministry of Water Resources & River Development
42,Ministry of Women & Child Development
43,Ministry of Youth Affairs & Sports
44,Department of Atomic Energy
45,Department of Food Processing Ind.
46,Department of Post
47,Parliament Secretariats of the President and Vice President
48,Ministry of education
